Ordem Apresentação;Regiao_mun;Estado_mun;Municipio_mun;TamanhodoMunicipio_mun;COD_municipio_mun;COD_UF_mun;POP_Feminina_2019_mun;POP_Feminina_2020_mun;POP_Feminina_2021_mun;POP_Feminina_2022_mun;POP_Feminina_2023_mun;POP_Feminina_2024_mun;POP_Elegivel_MAMA_2019_mun;POP_Elegivel_MAMA_2020_mun;POP_Elegivel_MAMA_2021_mun;POP_Elegivel_MAMA_2022_mun;POP_Elegivel_MAMA_2023_mun;POP_Elegivel_MAMA_2024_mun;Mamografias_2018_mun;Mamografias_2019_mun;Mamografias_2020_mun;Mamografias_2021_mun;Mamografias_2022_mun;Mamografias_2023_mun;Mamografias_2024_mun;Histo_Mama_2019_mun;Histo_Mama_2020_mun;Histo_Mama_2021_mun;Histo_Mama_2022_mun;Histo_Mama_2023_mun;Histo_Mama_2024_mun;Histo_Alterado_Mama_2019_mun;Histo_Alterado_Mama_2020_mun;Histo_Alterado_Mama_2021_mun;Histo_Alterado_Mama_2022_mun;Histo_Alterado_Mama_2023_mun;Histo_Alterado_Mama_2024_mun;Cancer_Mama_2019_mun;Cancer_Mama_2020_mun;Cancer_Mama_2021_mun;Cancer_Mama_2022_mun;Cancer_Mama_2023_mun;Cancer_Mama_2024_mun;tratamento_mama_2019_mun;tratamento_mama_2020_mun;tratamento_mama_2021_mun;tratamento_mama_2022_mun;tratamento_mama_2023_mun;tratamento_mama_2024_mun;Categoria_0_2019_mun;Categoria_0_2020_mun;Categoria_0_2021_mun;Categoria_0_2022_mun;Categoria_0_2023_mun;Categoria_0_2024_mun;Categoria_1_2019_mun;Categoria_1_2020_mun;Categoria_1_2021_mun;Categoria_1_2022_mun;Categoria_1_2023_mun;Categoria_1_2024_mun;Categoria_2_2019_mun;Categoria_2_2020_mun;Categoria_2_2021_mun;Categoria_2_2022_mun;Categoria_2_2023_mun;Categoria_2_2024_mun;Categoria_3_2019_mun;Categoria_3_2020_mun;Categoria_3_2021_mun;Categoria_3_2022_mun;Categoria_3_2023_mun;Categoria_3_2024_mun;Categoria_4_2019_mun;Categoria_4_2020_mun;Categoria_4_2021_mun;Categoria_4_2022_mun;Categoria_4_2023_mun;Categoria_4_2024_mun;Categoria_5_2019_mun;Categoria_5_2020_mun;Categoria_5_2021_mun;Categoria_5_2022_mun;Categoria_5_2023_mun;Categoria_5_2024_mun;Categoria_6_2019_mun;Categoria_6_2020_mun;Categoria_6_2021_mun;Categoria_6_2022_mun;Categoria_6_2023_mun;Categoria_6_2024_mun;obitos_2019;obitos_2020;obitos_2021;obitos_2022;obitos_2023;media_2023_2024;cobertura_2019;cobertura_2020;cobertura_2021;cobertura_2022;cobertura_2023;cobertura_2024;prop_alt_2019;prop_alt_2020;prop_alt_2021;prop_alt_2022;prop_alt_2023;prop_alt_2024;taxa_det_2019;taxa_det_2020;taxa_det_2021;taxa_det_2022;taxa_det_2023;taxa_det_2024;taxa_mort_2019;taxa_mort_2020;taxa_mort_2021;taxa_mort_2022;taxa_mort_2023
1;Norte;Amazonas;Tabatinga - AM;Médio;1304062;13;32698;33383;34017;34651;35279;35910;3112;3242;3366;3501;3662;3822;16;20;10;11;11;30;32;;;;;;2;;;;;;1;;;;;;1;2;3;2;1;;;2;1;1;1;4;4;4;5;2;6;6;4;10;2;7;2;19;23;0;0;0;0;0;0;1;1;0;1;0;0;0;0;1;0;0;1;0;1;0;0;0;0;;1;;1;2;3742;1,15681233933162;0,925354719309069;0,623885918003565;0,628391888031991;1,1196067722556;1,62218733647305;15;20;18,1818181818182;18,1818181818182;13,3333333333333;15,625;;;;;;31,25;;2,995537;;2,88592;5,669095
2;Norte;Amazonas;Benjamin Constant - AM;Pequeno;1300607;13;18981;19168;19329;19504;19671;19849;1713;1770;1821;1876;1935;1992;2758;9;7;9;6;9;18;;;;;;;;;;;;;;;;;;;;2;;;;;1;3;2;0;0;1;2;2;2;5;1;4;6;2;5;1;7;11;0;0;0;0;0;0;0;0;0;0;1;1;0;0;0;0;0;0;0;0;0;0;0;0;;1;1;;;1963,5;161,529480443666;0,903954802259887;0,878638110928062;0,799573560767591;0,775193798449612;1,35542168674699;11,1111111111111;42,8571428571429;22,2222222222222;0;11,1111111111111;11,1111111111111;;;;;;;;5,217028;5,173573;;
3;Norte;Pará;Cametá - PA;Médio;1502103;15;66940;67484;67990;68466;68932;69439;7763;8007;8243;8503;8804;9119;14;231;86;74;114;153;195;9;5;9;24;22;30;7;2;4;12;6;13;7;2;4;11;6;13;7;10;19;5;;;48;15;7;24;20;32;89;42;35;44;49;59;85;27;30;41;72;92;4;1;0;0;4;6;2;1;1;3;4;2;0;0;0;0;0;0;1;0;0;0;0;0;6;4;4;5;3;8961,5;3,15599639314698;3,95903584363682;1,9410408831736;2,21098435846172;3,03271240345298;3,81620791753482;21,6450216450216;18,6046511627907;10,8108108108108;23,6842105263158;15,6862745098039;17,4358974358974;30,3030303;23,255814;54,0540541;96,4912281;39,2156863;66,6666667;8,963251;5,927331;5,883218;7,302895;4,352115
4;Norte;Pará;Mocajuba - PA;Pequeno;1504604;15;14039;14059;14070;14083;14096;14106;1657;1707;1754;1805;1866;1922;2428;72;52;59;76;61;65;4;2;4;2;10;8;;1;2;;4;3;;1;2;;4;3;;;4;3;;;6;8;6;13;14;18;46;16;14;22;23;24;17;22;36;32;22;18;0;1;1;1;1;2;3;3;0;4;1;1;0;0;0;0;0;0;0;0;0;0;0;0;;;;;;1894;150,875075437538;7,26420620972466;6,32839224629418;7,4792243767313;7,34190782422294;6,55567117585848;12,5;21,1538461538462;10,1694915254237;22,3684210526316;24,5901639344262;29,2307692307692;;19,2307692;33,8983051;;65,5737705;46,1538462;;;;;
5;Norte;Tocantins;Araguaína - TO;Médio;1702109;17;88095;89173;90140;90993;91854;92719;12880;13394;13882;14386;14928;15482;470;1439;1501;1498;1007;271;232;65;40;34;20;76;74;25;15;23;10;24;24;25;15;23;10;23;24;57;35;48;35;;;170;177;248;91;32;33;679;678;562;70;20;36;555;623;662;801;191;153;12;5;1;5;3;0;1;1;6;7;5;6;3;3;1;2;1;0;2;0;1;0;0;0;12;10;16;18;12;15205;14,8214285714286;21,9501269225026;21,6035153436104;17,4127624078966;8,56109324758842;3,24893424622142;12,0917303683113;12,0586275816123;17,022696929239;9,9304865938431;14,0221402214022;16,8103448275862;17,3731758;9,9933378;15,3538051;9,9304866;84,8708487;103,4482759;13,621658;11,214157;17,750166;19,781741;13,064211
6;Norte;Tocantins;Darcinópolis - TO;Pequeno;1706506;17;2825;2858;2879;2899;2917;2944;427;441;451;461;472;486;58;34;30;22;20;23;8;1;;;1;;2;;;;;;1;;;;;;1;1;;;;1;;1;4;1;2;2;0;16;11;9;1;0;2;16;15;12;17;20;6;0;0;0;0;0;0;1;0;0;0;0;0;0;0;0;0;0;0;0;0;0;0;0;0;;;;;;479;21,5456674473068;14,5124716553288;11,529933481153;9,11062906724512;9,11016949152542;6,37860082304527;5,88235294117647;13,3333333333333;4,54545454545455;10;8,69565217391304;0;;;;;;125;;;;;
7;Nordeste;Maranhão;Chapadinha - MA;Médio;2103208;21;41300;41612;41889;42135;42375;42662;5859;5994;6121;6254;6401;6556;47;194;503;701;840;403;202;9;11;12;13;14;14;2;5;5;5;3;4;;5;4;3;3;4;8;7;10;10;10;;45;181;304;310;150;33;56;90;87;144;66;48;89;222;299;359;182;111;1;2;2;1;0;4;1;0;2;5;0;3;0;1;0;2;0;0;0;1;2;3;2;3;5;5;5;4;;6478,5;4,11332991978153;11,6282949616283;19,6699885639601;24,6402302526383;19,418840806124;9,22818791946309;23,7113402061856;36,182902584493;43,6519258202568;37,7380952380952;37,2208436724566;17,8217821782178;;9,9403579;5,7061341;3,5714286;7,4441687;19,8019802;12,106538;12,015765;11,936308;9,493295;
8;Nordeste;Maranhão;São Bernardo - MA;Pequeno;2110609;21;13941;13949;13949;13941;13928;13920;1987;2026;2064;2102;2152;2205;1511;19;62;101;54;44;31;;;2;3;1;2;;;;;1;1;;;;;1;1;;;;1;1;;6;12;39;17;4;2;3;13;17;9;12;11;8;36;42;26;27;15;2;0;0;0;0;0;0;0;0;0;1;1;0;0;0;0;0;0;0;0;0;0;0;1;;1;2;1;;2178,5;77,0005032712632;3,99802566633761;7,89728682170543;7,37392959086584;4,55390334572491;3,40136054421769;31,5789473684211;19,3548387096774;38,6138613861386;31,4814814814815;11,3636363636364;9,67741935483871;;;;;22,7272727;32,2580645;;7,168973;14,337945;7,173087;
9;Nordeste;Ceará;Iguatu - CE;Médio;2305506;23;52495;52763;52963;53106;53261;53418;10136;10344;10526;10717;10929;11142;564;2207;1128;1280;1498;1690;1262;4;5;7;12;18;18;1;3;5;2;14;10;1;2;5;2;14;10;33;41;30;29;;;517;268;407;488;335;181;187;32;47;32;21;9;1436;774;793;950;1299;1045;20;19;6;7;7;2;11;8;2;8;6;8;2;1;3;0;2;1;0;0;0;1;6;3;10;16;7;8;10;11035,5;27,3382004735596;32,2409126063418;22,876686300589;25,9214332369133;29,1700979046573;26,4943457189015;24,0144993203444;24,5567375886525;32,1875;33,1108144192256;20,2958579881657;15,0554675118859;0,4531038;1,7730496;3,90625;1,3351135;8,2840237;7,9239303;19,049433;30,32428;13,216774;15,064211;18,775464
10;Nordeste;Ceará;Catarina - CE;Pequeno;2303600;23;6054;5764;5487;5248;5028;4842;1231;1182;1135;1098;1064;1044;25;22;138;14;163;21;28;;;1;;;2;;;1;;;;;;1;;;;4;1;3;3;;;5;6;2;7;0;2;14;92;4;127;13;8;3;40;7;28;8;18;0;0;1;0;0;0;0;0;0;0;0;0;0;0;0;0;0;0;0;0;0;0;0;0;2;;;1;2;1054;3,81803411860276;13,5363790186125;13,3920704845815;16,120218579235;17,2932330827068;4,69348659003831;22,7272727272727;4,34782608695652;14,2857142857143;4,29447852760736;0;7,14285714285714;;;71,4285714;;;;33,036009;;;19,054878;39,777247
11;Nordeste;Rio Grande do Norte;Mossoró - RN;Médio;2408003;24;142940;143360;143643;143815;144009;144256;27554;28346;29091;29818;30540;31239;13;4196;2433;4221;3775;6745;7481;20;6;5;6;9;4;8;;1;2;6;;8;;1;2;6;;144;108;193;1;;;395;407;716;563;907;1751;1541;621;762;770;2020;1909;2214;1287;2518;2311;3456;3395;10;50;78;56;115;124;12;23;65;42;73;153;5;6;15;6;9;7;0;5;3;6;6;0;36;36;26;24;40;30889,5;15,2754590984975;23,3860156635857;22,8730535217077;26,8160171708364;34,4466273739358;45,5392298088927;9,81887511916111;17,9202630497328;18,8580904998815;16,1854304635762;14,6627131208303;25,5447132736265;1,9065777;;0,2369107;0,5298013;0,8895478;;25,185392;25,111607;18,10043;16,688106;27,776042
12;Nordeste;Rio Grande do Norte;Apodi - RN;Pequeno;2401008;24;18516;18616;18687;18741;18799;18854;3834;3950;4062;4167;4279;4384;21;279;157;396;249;471;452;2;1;1;4;1;6;1;;;1;;2;1;;;1;;2;11;7;11;1;;;34;21;51;28;51;113;121;44;58;56;166;151;123;80;276;159;238;164;0;7;2;1;2;6;0;2;2;4;6;14;1;0;0;1;0;0;0;0;1;0;0;0;1;1;3;4;2;4331,5;7,82472613458529;11,0379746835443;13,6139832594781;15,4787616990641;16,826361299369;21,0538321167883;12,5448028673835;14,6496815286624;13,3838383838384;13,2530120481928;12,1019108280255;28,0973451327434;3,5842294;;;4,0160643;;4,4247788;5,400734;5,371723;16,053941;21,343578;10,638864
13;Nordeste;Pernambuco;Serra Talhada - PE;Médio;2613909;26;48096;48826;49500;50113;50695;51301;7994;8259;8520;8796;9102;9413;16;3773;2322;2976;3031;3094;3338;35;14;9;7;22;12;7;7;3;4;3;3;7;7;3;4;3;3;10;9;15;7;;;548;319;351;377;470;455;1141;643;859;917;815;1105;1946;1180;1659;1615;1671;1702;52;29;35;21;13;8;37;104;15;42;52;8;4;2;3;2;1;2;2;0;1;2;3;2;5;7;9;4;7;9257,5;47,3980485364023;73,7982806635186;62,1830985915493;68,2924056389268;67,2929026587563;68,3310315521088;15,6109196925524;18,3031869078381;12,3991935483871;13,8898053447707;16,9036845507434;13,9304973037747;1,8552876;3,0146425;1,0080645;1,3196965;0,9696186;0,8987418;10,395875;14,336624;18,181818;7,981961;13,808068
14;Nordeste;Pernambuco;Mirandiba - PE;Pequeno;2609303;26;7332;7325;7313;7300;7280;7294;1184;1199;1213;1234;1250;1276;18691;74;186;89;147;217;99;1;2;;;5;2;1;2;;;2;;1;2;;;2;;;1;1;2;4;;10;19;9;15;15;20;24;73;29;45;78;30;39;86;51;82;121;43;0;1;0;2;1;2;1;0;0;1;0;1;0;1;0;0;0;0;0;0;0;0;0;0;1;;;;;1263;1584,88175675676;21,6847372810676;22,6710634789777;19,1247974068071;29,12;24,7648902821317;14,8648648648649;10,752688172043;10,1123595505618;10,8843537414966;6,91244239631336;21,2121212121212;13,5135135;10,7526882;;;9,2165899;;13,638843;;;;
15;Nordeste;Pernambuco;Petrolina - PE;Médio;2611101;26;191688;196380;200877;205051;208929;212849;26900;28234;29578;30982;32461;33982;40;4414;3576;2616;3885;5467;3396;21;15;26;13;5;5;5;7;13;3;;1;5;3;13;3;;;106;58;58;50;58;;633;430;347;923;1219;743;999;804;385;505;625;400;2389;1966;1590;2169;3110;1895;214;214;140;140;256;185;37;39;46;56;71;42;6;5;7;13;11;6;1;0;2;4;11;35;29;23;31;28;32;33221,5;16,5576208178439;28,2992137139619;20,9344783284874;20,9831515073268;28,8099565632605;26,0814548878818;15,314907113729;13,255033557047;15,2905198776758;25,5341055341055;23,7973294311323;23,2921083627797;1,1327594;0,8389262;4,969419;0,7722008;;;15,128751;11,711987;15,432329;13,655139;15,316208
16;Nordeste;Pernambuco;Santa Maria da Boa Vista - PE;Pequeno;2612604;26;20890;20915;20918;20925;20965;21021;2928;3009;3088;3178;3283;3389;525;429;252;280;224;72;96;7;1;1;;;3;2;1;1;;;;2;1;1;;;;8;6;4;7;6;;120;80;33;16;12;13;109;73;159;149;11;12;179;87;85;49;46;55;9;5;1;4;1;3;6;5;2;3;2;3;0;0;0;0;0;1;1;0;0;0;0;4;2;;5;2;1;3336;32,5819672131148;22,6321036889332;17,2279792746114;15,8590308370044;9,01614377094121;4,9572145175568;29,3706293706294;33,7301587301587;12,5;8,48214285714286;19,4444444444445;17,7083333333333;4,6620047;3,968254;3,5714286;;;;9,573959;;23,902859;9,557945;4,769855
17;Nordeste;Bahia;Juazeiro - BA;Médio;2918407;29;118890;121133;123282;125284;127202;129189;18152;18935;19718;20525;21360;22200;164;7536;3492;6075;6180;5612;6670;1;6;8;7;13;8;;1;2;;3;3;;1;2;;3;3;47;46;66;81;11;;922;482;756;469;819;866;1936;842;1051;967;992;1336;4454;2054;4010;4528;3551;4235;46;20;78;83;106;80;109;53;111;88;69;75;17;17;19;6;11;13;4;1;9;14;11;11;12;17;18;15;25;21780;42,4195680916703;58,2413519936625;48,5191195861649;59,7076735688185;55,2059925093633;55,3243243243243;13,9065817409766;15,807560137457;14,5843621399177;9,11003236245955;16,0192444761226;14,3028485757121;;0,2863688;0,3292181;;0,5345688;0,4497751;10,093364;14,034161;14,600672;11,972798;19,653779
18;Nordeste;Bahia;Casa Nova - BA;Pequeno;2907202;29;35204;35547;35859;36141;36430;36745;5433;5605;5780;5962;6165;6368;2380;563;373;734;767;918;791;2;;3;5;3;6;2;;1;1;1;;2;;;1;1;;15;11;9;10;1;;96;46;88;71;138;140;122;89;142;141;166;167;313;216;461;525;581;444;8;5;8;9;11;11;16;12;20;10;11;11;3;0;2;3;2;1;0;0;1;0;1;4;3;3;3;3;5;6266,5;54,1689674213142;16,6993755575379;19,1522491349481;25,1761153975176;27,3317112733171;26,8373115577889;20,4262877442274;15,5495978552279;14,9863760217984;10,9517601043025;16,4488017429194;19,2161820480405;3,5523979;;;1,303781;1,0893246;;8,521759;8,439531;8,366101;8,300822;13,724952
19;Nordeste;Bahia;Teixeira de Freitas - BA;Médio;2931350;29;76688;77264;77757;78182;78581;79016;12975;13332;13672;14024;14386;14745;810;3858;1220;1450;1339;1665;2529;5;;1;2;;7;3;;;;;2;3;;;;;2;15;19;35;53;11;;397;133;256;206;287;323;1603;430;501;432;381;1401;1652;576;560;638;964;751;132;45;98;38;7;8;31;23;20;16;4;10;0;2;4;4;1;3;0;0;2;0;1;1;14;10;8;11;13;14565,5;35,9768786127168;38,0888088808881;19,5289643066121;19,8873359954364;20,8814124843598;28,4435401831129;11,0938310005184;12,9508196721312;19,3103448275862;16,8782673637043;17,5375375375375;13,2858837485172;0,777605;;;;;0,7908264;18,25579;12,942638;10,288463;14,069735;16,543439
20;Nordeste;Bahia;Caravelas - BA;Pequeno;2906907;29;10590;10611;10625;10618;10610;10599;1943;1981;2020;2053;2090;2122;15255;903;82;31;182;172;908;1;2;;;;1;1;;;;;;1;;;;;;1;1;2;3;;;89;3;3;23;23;71;516;32;10;67;42;46;290;43;15;84;96;776;3;2;1;2;2;3;0;1;0;0;3;5;0;0;0;0;2;0;0;0;0;0;0;0;1;1;2;3;1;2106;831,600617601647;49,7223624432105;5,59405940594059;10,3750608865076;16,9377990430622;50,8953817153629;9,85603543743079;4,8780487804878;9,67741935483871;12,6373626373626;16,2790697674419;8,37004405286344;1,1074197;;;;;;9,442871;9,424182;18,823529;28,253908;9,425071
21;Centro-Oeste;Mato Grosso do Sul;Dourados - MS;Médio;5003702;50;121133;123330;125344;127252;129213;131193;22423;23141;23768;24370;24988;25578;49;4697;2135;4521;5001;6040;6763;5;;1;5;5;8;3;;;2;1;4;3;;;2;1;4;64;52;44;83;1;;259;162;407;476;646;542;1667;529;1213;1029;1137;1383;2567;1361;2717;3166;3794;4313;84;41;81;144;235;268;36;15;42;70;77;86;13;2;12;7;14;8;1;0;6;8;24;10;26;14;17;16;19;25283;21,1657672925122;29,5233568125837;28,0040390440929;39,072630283135;44,1852089002721;50,0547345374932;6,55737704918033;8,38407494145199;10,1968591019686;11,0577884423115;12,2019867549669;9,40411060180393;0,6387056;;;0,39992;0,1655629;0,5914535;21,464011;11,351658;13,562676;12,573476;14,704403
22;Centro-Oeste;Mato Grosso do Sul;Rio Brilhante - MS;Pequeno;5007208;50;18206;18543;18859;19160;19461;19755;2875;2987;3086;3187;3296;3403;4322;389;148;610;454;560;822;3;1;1;1;2;;2;1;1;1;1;;2;1;1;1;1;;18;12;6;9;;;45;5;39;23;67;82;135;50;170;93;100;154;187;82;383;309;360;545;13;7;7;13;17;20;6;2;6;9;3;10;2;0;1;2;1;0;0;1;0;1;2;1;1;1;;2;4;3349,5;163,860869565217;17,9779042517576;24,5625405055087;33,3856291182931;30,7645631067961;40,6112253893623;13,6246786632391;4,72972972972973;7,54098360655738;7,48898678414097;12,6785714285714;11,1922141119221;5,1413882;6,7567568;1,6393443;2,2026432;1,7857143;;5,492695;5,392871;;10,438413;20,553928
23;Centro-Oeste;Mato Grosso;Rondonópolis - MT;Médio;5107602;51;118816;121164;123335;125498;127775;130085;20613;21456;22247;23060;23944;24833;159;4342;3834;2157;6387;5827;6676;12;2;3;140;220;227;1;1;;38;56;70;1;1;;29;42;46;60;41;40;54;1;;483;482;308;714;676;749;571;386;212;688;633;367;3107;2749;1573;4646;4215;5253;105;44;22;80;113;157;51;39;19;38;70;49;1;3;3;6;8;8;1;2;0;1;2;8;12;15;15;23;23;24388,5;21,8357347305099;38,1058911260254;26,9294736368949;37,0511708586297;51,0106916137655;50,3483268231788;12,3215108245048;13,6671883150756;15,2990264255911;11,8678565836856;12,9397631714433;12,0730976632714;0,2303086;0,2608242;;4,5404728;7,2078256;6,8903535;10,09965;12,379915;12,161998;18,326985;18,000391
24;Centro-Oeste;Mato Grosso;Juscimeira - MT;Pequeno;5105200;51;5673;5699;5718;5720;5734;5728;1289;1338;1383;1421;1465;1501;50;213;275;140;203;110;253;1;2;1;1;1;1;;1;;;;;;;;;;;2;2;;;;;26;44;22;17;19;36;23;20;17;18;7;16;155;191;98;159;80;192;7;4;1;2;2;2;1;2;0;2;0;2;0;0;0;1;0;1;0;0;0;0;0;0;1;;;;;1483;20,4034134988363;36,4723467862481;30,0072306579899;24,1379310344828;21,3651877133106;24,1838774150566;12,6760563380282;16,7272727272727;15,7142857142857;9,85221674876847;17,2727272727273;15,4150197628459;;;;;;;17,627358;;;;
25;Centro-Oeste;Goiás;Formosa - GO;Médio;5208004;52;58098;58715;59246;59700;60171;60643;9500;9880;10232;10591;10971;11355;3077;62;50;54;539;657;625;6;11;16;22;37;93;;5;4;5;14;14;;5;4;5;14;13;7;9;16;12;;;13;8;14;88;186;146;8;8;9;205;55;50;35;25;24;160;371;399;5;6;2;4;17;10;0;1;3;8;6;6;0;0;0;1;1;0;0;1;0;0;0;0;9;9;4;6;14;11163;33,0421052631579;1,1336032388664;1,01641907740422;5,59909357001227;10,9014675052411;11,2901805372083;20,9677419354839;18;31,4814814814815;17,9962894248609;29,3759512937595;24,32;;100;74,0740741;9,2764378;21,3089802;20,8;15,491067;15,328281;6,751511;10,050251;23,267022
26;Centro-Oeste;Goiás;Vila Boa - GO;Pequeno;5222203;52;2084;2068;2047;2031;2009;2012;323;333;343;354;364;381;14;;43;59;250;174;23;;;1;1;;1;;;1;1;;1;;;;;;;;;;;;;;1;0;22;19;11;;10;25;193;45;1;;28;21;27;104;10;;0;9;1;2;1;;0;0;1;2;0;;0;0;0;0;0;;0;0;1;0;0;;1;;1;2;372,5;;;29,7376093294461;87,2881355932203;116,483516483516;51,7060367454068;NA;2,32558139534884;0;9,2;12,0689655172414;47,8260869565217;;;;;;;;48,355899;;49,236829;99,552016
27;Sudeste;Minas Gerais;Muriaé - MG;Médio;3143906;31;55131;55392;55575;55689;55843;56016;12422;12629;12795;12941;13094;13242;342;2224;2115;2282;2549;2533;3063;79;74;104;118;135;161;34;31;38;49;57;60;34;31;38;49;57;60;61;53;73;63;77;;136;123;112;131;151;170;985;785;526;612;636;861;987;1048;1540;1600;1568;1709;45;40;54;87;112;27;20;24;29;39;36;72;2;1;2;0;2;2;3;5;0;0;0;0;15;13;12;17;14;13168;20,6568990500725;34,3574313088922;34,3649863227823;37,3309636040491;38,8116694669314;42,2594774203293;7,10431654676259;6,99763593380615;6,26643295354952;6,66928207140055;7,46150809317015;7,966046359778;15,2877698;14,6572104;16,6520596;19,2232248;22,5029609;19,5886386;27,207923;23,469093;21,592443;30,526675;25,070286
28;Sudeste;Minas Gerais;São Francisco do Glória - MG;Pequeno;3161403;31;2424;2411;2396;2383;2365;2366;569;581;589;599;606;613;73;244;96;80;56;112;238;;;5;7;2;1;;;3;5;1;1;;;3;4;1;1;1;1;3;4;;;13;2;3;2;7;6;46;42;22;14;23;39;181;47;53;37;73;190;4;1;1;1;8;1;0;0;0;2;0;2;0;0;0;0;0;0;0;0;0;0;0;0;;;;;;609,5;55,7117750439367;58,5197934595525;29,8811544991511;22,7045075125209;27,7227722772277;57,0962479608483;5,32786885245902;2,08333333333333;3,75;7,14285714285714;6,25;3,36134453781513;;;37,5;71,4285714;8,9285714;4,2016807;;;;;
29;Sudeste;Rio de Janeiro;Rio das Ostras - RJ;Médio;3304524;33;74301;76920;79504;82087;84704;87417;14654;15502;16345;17229;18160;19112;5080;1404;331;372;755;1647;2235;1;2;3;4;1;6;1;2;1;1;1;3;1;2;1;1;1;3;8;15;3;;1;;215;53;41;66;198;289;444;91;81;252;433;682;713;173;239;390;938;1165;17;7;5;25;32;16;6;3;2;8;20;36;4;2;0;2;5;12;0;0;0;1;1;0;14;13;19;14;19;18636;44,2473044902416;11,1921042446136;4,30100948302233;6,54129665099541;13,226872246696;20,311845960653;16,025641025641;17,5226586102719;11,5591397849462;10,0662251655629;13,5397692774742;15,0782997762864;0,7122507;6,0422961;2,688172;1,3245033;0,6071645;1,3422819;18,842277;16,900676;23,898169;17,055076;22,431054
30;Sudeste;Rio de Janeiro;Silva Jardim - RJ;Pequeno;3305604;33;11124;11141;11140;11136;11124;11117;2272;2334;2383;2434;2485;2529;758;41;32;29;188;827;195;;;1;;2;;;;;;1;;;;;;1;;1;1;1;2;1;;2;5;2;32;106;20;9;8;11;34;197;45;27;18;16;116;498;129;3;0;0;1;10;0;0;1;0;3;10;0;0;0;0;1;1;0;0;0;0;0;0;0;;;5;1;4;2507;35,1672535211268;3,12767780634105;2,55979857322702;8,91536565324569;40,8450704225352;40,4112297350731;4,8780487804878;18,75;6,89655172413793;19,1489361702128;14,1475211608223;10,2564102564103;;;;;1,2091898;;;;44,883303;8,979885;35,958288
31;Sudeste;São Paulo;Sorocaba - SP;Médio;3552205;35;362176;368256;373758;378926;384255;389639;74680;76868;78861;80859;82970;85064;149;16572;8077;9676;13272;11628;20588;57;20;66;31;7;9;21;12;23;20;3;5;21;11;23;13;3;5;122;93;125;149;76;;1534;967;1150;1479;1405;1385;7472;3783;4070;4680;669;181;7037;3019;4034;6602;9065;17756;139;104;155;196;227;390;82;44;71;96;74;100;10;1;3;4;0;4;0;0;2;1;1;0;97;81;78;101;100;84017;22,3901981788966;32,0666597283655;22,5117612000862;28,3802668843295;30,0108472942027;37,8726605849713;9,81173062997828;12,5294044818621;12,6498553121124;11,8972272453285;12,719298245614;7,23236836992423;1,2671977;1,3618918;2,3770153;0,9795057;0,2579979;0,2428599;26,782559;21,995568;20,869119;26,654281;26,024385
32;Sudeste;São Paulo;Alambari - SP;Pequeno;3500758;35;2917;2964;3008;3052;3081;3125;606;627;644;665;681;696;674;13;3;15;6;11;14;;;;;;;;;;;;;;;;;;;1;2;1;;2;;1;0;1;2;0;3;4;0;3;1;2;5;8;3;10;3;6;6;0;0;1;0;1;0;0;0;0;0;2;0;0;0;0;0;0;0;0;0;0;0;0;0;1;;1;1;1;688,5;113,366336633663;2,5518341307815;2,79503105590062;3,15789473684211;2,49632892804699;3,59195402298851;7,69230769230769;0;6,66666666666667;33,3333333333333;18,1818181818182;21,4285714285714;;;;;;;34,281796;;33,244681;32,7654;32,456994
33;Sul;Paraná;Cascavel - PR;Médio;4104808;41;173507;176455;179139;181678;184388;187152;34287;35511;36611;37669;38750;39774;4632;16096;6726;10992;13064;13577;9304;369;313;185;585;406;368;84;74;48;134;97;104;84;74;48;134;97;104;94;71;74;38;;;1322;694;1023;921;1321;754;9527;3259;5870;7578;7561;5996;4741;2303;3675;4217;4287;2383;299;223;204;78;53;49;63;42;53;59;82;46;25;12;26;40;28;10;0;0;0;0;0;0;23;23;32;31;27;39262;60,4543996266807;64,2674100982794;48,3952910327497;63,8615307016379;68,7509677419355;57,5275305475939;8,75994035785288;11,1210228962236;10,0254730713246;7,80771586037967;10,5398836267217;8,70593293207223;5,2186879;11,0020815;4,3668122;10,2571953;7,1444354;11,177988;13,255949;13,034485;17,863224;17,063156;14,643035
34;Sul;Paraná;Boa Vista da Aparecida - PR;Pequeno;4103057;41;4023;4030;4031;4031;4025;4026;904;919;930;944;956;964;3190;464;170;273;407;422;261;20;19;7;14;12;15;2;3;;4;2;2;2;3;;4;2;2;;2;;;;;26;16;20;19;23;13;333;86;175;270;282;201;93;52;72;103;100;42;4;6;3;0;0;3;2;1;0;2;2;1;2;0;0;1;1;0;0;0;0;0;0;0;;1;;1;1;960;404,203539823009;68,9880304678999;47,6344086021505;72,0338983050847;86,7154811715481;70,850622406639;6,46551724137931;10;7,32600732600733;5,40540540540541;6,16113744075829;5,3639846743295;4,3103448;17,6470588;;9,8280098;4,7393365;7,6628352;;24,813896;;24,80774;24,84472
35;Sul;Santa Catarina;Araranguá - SC;Médio;4201406;42;35966;36520;37025;37496;37979;38433;7870;8084;8270;8450;8629;8801;555;2993;1611;2713;2215;314;159;36;32;33;37;33;24;6;11;12;15;9;10;6;6;12;15;9;9;21;28;33;32;;;755;516;952;945;77;15;65;47;60;73;31;31;1770;860;1407;1022;180;99;362;163;214;112;8;2;13;11;18;19;9;2;1;1;0;0;2;0;0;0;0;0;0;0;7;2;11;6;10;8715;45,0825921219822;56,9520039584364;52,2853688029021;58,3195266272189;29,3081469463437;5,37438927394614;25,6932843301036;32,7746741154562;35,7537781054184;43,5214446952596;28,0254777070064;10,6918238993711;2,0046776;3,7243948;4,4231478;6,772009;28,6624204;56,6037736;19,462826;5,476451;29,709656;16,001707;26,33034
36;Sul;Santa Catarina;Praia Grande - SC;Pequeno;4213807;42;4042;4100;4150;4198;4251;4283;913;935;950;968;987;999;192;178;8;65;16;26;19;1;2;;1;7;2;;1;;;3;2;;1;;;3;2;;4;3;4;;;10;1;8;0;2;2;6;2;37;7;4;3;160;4;18;9;19;12;0;0;0;0;1;0;1;0;2;0;0;0;0;1;0;0;0;0;0;0;0;0;0;0;1;;1;;1;993;40,52573932092;19,8930481283422;7,68421052631579;8,36776859504132;4,25531914893617;4,5045045045045;6,17977528089888;25;15,3846153846154;0;7,69230769230769;10,5263157894737;;125;;;115,3846154;105,2631579;24,740228;;24,096386;;23,523877
37;Sul;Rio Grande do Sul;Erechim - RS;Médio;4307005;43;54747;55222;55614;55924;56282;56649;12322;12559;12760;12945;13150;13337;3622;3164;2010;2576;2868;1924;3362;48;30;47;48;44;26;19;10;20;24;17;15;15;8;17;22;14;13;27;18;26;17;18;;253;194;177;83;125;187;658;309;392;521;382;697;2177;1453;1955;2191;1389;2384;33;18;25;12;15;51;15;14;10;8;6;10;1;0;0;1;1;5;1;1;1;0;0;1;13;7;7;7;14;13243,5;55,0722285343288;41,1975475754439;35,9404388714734;42,0548474314407;36,4410646387833;39,6341006223289;8,50189633375474;10,3482587064677;7,25931677018634;3,20781032078103;6,86070686070686;6,00832837596669;4,7408344;3,9800995;6,5993789;7,6708508;7,2765073;3,866746;23,745593;12,676107;12,586759;12,516987;24,874738
38;Sul;Rio Grande do Sul;Nonoai - RS;Pequeno;4312708;43;6748;6831;6895;6946;7002;7056;1477;1510;1536;1555;1573;1586;211;524;91;155;225;129;106;3;1;2;1;2;1;;;1;1;;;;;;1;;;5;6;2;8;2;;12;6;4;1;4;7;257;13;128;182;69;21;250;72;22;39;53;76;2;0;0;1;0;1;1;0;0;0;1;1;0;0;0;0;0;0;0;0;0;0;0;0;;2;1;;;1579,5;49,7630331753554;40,7284768211921;16,015625;24,4372990353698;22,5047679593134;14,8171500630517;2,48091603053435;6,59340659340659;2,58064516129032;0,444444444444444;3,87596899224806;7,54716981132075;;;;4,4444444;;;;29,27829;14,503263;;
