Nome do Arquivo,Observações / Anotações
SISRHC_Tratamento_Colo_2019.csv,
SISRHC_Tratamento_Colo_2020.csv,
SISRHC_Tratamento_Colo_2021.csv,
SISRHC_Tratamento_Colo_2022.csv,
SISRHC_Tratamento_Colo_2023.csv,
casos_cancer_colo_totais_2019_2024.csv,
citopatologicos_alterados_colo_totais_2019_2024.csv,
citopatologicos_colo_inconclusivos_totais_2019_2024.csv,
citopatologicos_colo_totais_2019_2024.csv,
histopatologicos_alterados_colo_totais_2019_2024.csv,
histopatologicos_colo_totais_2019_2024.csv,
SISCAN_Cancer_Colo_2019.csv,
SISCAN_Cancer_Colo_2020.csv,
SISCAN_Cancer_Colo_2021.csv,
SISCAN_Cancer_Colo_2022.csv,
SISCAN_Cancer_Colo_2023.csv,
SISCAN_Cancer_Colo_2024.csv,
SISCAN_Citopatologico_Alterados_Colo_2019.csv,
SISCAN_Citopatologico_Alterados_Colo_2020.csv,
SISCAN_Citopatologico_Alterados_Colo_2021.csv,
SISCAN_Citopatologico_Alterados_Colo_2022.csv,
SISCAN_Citopatologico_Alterados_Colo_2023.csv,
SISCAN_Citopatologico_Alterados_Colo_2024.csv,
SISCAN_Citopatologico_Colo_2019.csv,
SISCAN_Citopatologico_Colo_2020.csv,
SISCAN_Citopatologico_Colo_2021.csv,
SISCAN_Citopatologico_Colo_2022.csv,
SISCAN_Citopatologico_Colo_2023.csv,
SISCAN_Citopatologico_Colo_2024.csv,
SISCAN_Citopatologico_Inconclusivo_Colo_2019.csv,
SISCAN_Citopatologico_Inconclusivo_Colo_2020.csv,
SISCAN_Citopatologico_Inconclusivo_Colo_2021.csv,
SISCAN_Citopatologico_Inconclusivo_Colo_2022.csv,
SISCAN_Citopatologico_Inconclusivo_Colo_2023.csv,
SISCAN_Citopatologico_Inconclusivo_Colo_2024.csv,
SISCAN_Histopatológico_Alterados_Colo_2019.csv,
SISCAN_Histopatológico_Alterados_Colo_2020.csv,
SISCAN_Histopatológico_Alterados_Colo_2021.csv,
SISCAN_Histopatológico_Alterados_Colo_2022.csv,
SISCAN_Histopatológico_Alterados_Colo_2023.csv,
SISCAN_Histopatológico_Alterados_Colo_2024.csv,
SISCAN_Histopatológico_Colo_2019.csv,
SISCAN_Histopatológico_Colo_2020.csv,
SISCAN_Histopatológico_Colo_2021.csv,
SISCAN_Histopatológico_Colo_2022.csv,
SISCAN_Histopatológico_Colo_2023.csv,
SISCAN_Histopatológico_Colo_2024.csv,
SISRHC_Tratamento_Mama_2019.csv,
SISRHC_Tratamento_Mama_2020.csv,
SISRHC_Tratamento_Mama_2021.csv,
SISRHC_Tratamento_Mama_2022.csv,
SISRHC_Tratamento_Mama_2023.csv,
histopatologicos_cancer_totais_2019_2024.csv,
histopatologicos_resultados_totais_2019_2024.csv,
histopatologicos_totais_2019_2024.csv,
mamografia_resultado_categorias_2019_2024.csv,
mamografia_totais_2019_2024.csv,
SISCAN_Histopatológico_Cancer_Mama_2019.csv,
SISCAN_Histopatológico_Cancer_Mama_2020.csv,
SISCAN_Histopatológico_Cancer_Mama_2021.csv,
SISCAN_Histopatológico_Cancer_Mama_2022.csv,
SISCAN_Histopatológico_Cancer_Mama_2023.csv,
SISCAN_Histopatológico_Cancer_Mama_2024.csv,
SISCAN_Histopatológico_Mama_2019.csv,
SISCAN_Histopatológico_Mama_2020.csv,
SISCAN_Histopatológico_Mama_2021.csv,
SISCAN_Histopatológico_Mama_2022.csv,
SISCAN_Histopatológico_Mama_2023.csv,
SISCAN_Histopatológico_Mama_2024.csv,
SISCAN_Histopatológico_Resultado_Mama_2019.csv,
SISCAN_Histopatológico_Resultado_Mama_2020.csv,
SISCAN_Histopatológico_Resultado_Mama_2021.csv,
SISCAN_Histopatológico_Resultado_Mama_2022.csv,
SISCAN_Histopatológico_Resultado_Mama_2023.csv,
SISCAN_Histopatológico_Resultado_Mama_2024.csv,
SISCAN_Mamografica_Mama_2019.csv,
SISCAN_Mamografica_Mama_2020.csv,
SISCAN_Mamografica_Mama_2021.csv,
SISCAN_Mamografica_Mama_2022.csv,
SISCAN_Mamografica_Mama_2023.csv,
SISCAN_Mamografica_Mama_2024.csv,
SISCAN_Mamografica_Resultado_Mama_2019.csv,
SISCAN_Mamografica_Resultado_Mama_2020.csv,
SISCAN_Mamografica_Resultado_Mama_2021.csv,
SISCAN_Mamografica_Resultado_Mama_2022.csv,
SISCAN_Mamografica_Resultado_Mama_2023.csv,
SISCAN_Mamografica_Resultado_Mama_2024.csv,
DATASUS_Populacao_Feminina_2019.csv,
DATASUS_Populacao_Feminina_2020.csv,
DATASUS_Populacao_Feminina_2021.csv,
DATASUS_Populacao_Feminina_2022.csv,
DATASUS_Populacao_Feminina_2023.csv,
DATASUS_Populacao_Feminina_2024.csv,
